"customer","sale_date","seller"
Cristina Xu,1992-09-21,Abraham Bennet
Cristina Xu,1992-09-21,Abraham Bennet
Cristina Xu,1992-09-21,Abraham Bennet
Cristina Xu,1992-09-21,Abraham Bennet
Cristina Xu,1992-09-21,Abraham Bennet
Cristina Xu,1992-09-21,Abraham Bennet
Cristina Xu,1992-09-21,Abraham Bennet
Cristina Xu,1992-09-21,Abraham Bennet
Cristina Xu,1992-09-21,Abraham Bennet
Cristina Xu,1992-09-21,Abraham Bennet
Cristina Xu,1992-09-21,Abraham Bennet
Cristina Xu,1992-09-21,Abraham Bennet
Cristina Xu,1992-09-21,Abraham Bennet
Jacob Martinez,1992-09-21,Michael O'Leary
Jacob Martinez,1992-09-21,Michael O'Leary
Jacob Martinez,1992-09-21,Michael O'Leary
Jacob Martinez,1992-09-21,Michael O'Leary
Jacob Martinez,1992-09-21,Michael O'Leary
Jacob Martinez,1992-09-21,Michael O'Leary
Jacob Martinez,1992-09-21,Michael O'Leary
Jacob Martinez,1992-09-21,Michael O'Leary
Jacob Martinez,1992-09-21,Michael O'Leary
Jared Gray,1992-09-22,Dirk Stringer
Kaitlyn Allen,1992-09-21,Dirk Stringer
Kaitlyn Allen,1992-09-21,Dirk Stringer
Kaitlyn Allen,1992-09-21,Dirk Stringer
Kaitlyn Allen,1992-09-21,Dirk Stringer
Kaitlyn Allen,1992-09-21,Dirk Stringer
Kaitlyn Allen,1992-09-21,Dirk Stringer
Kaitlyn Allen,1992-09-21,Dirk Stringer
Kaitlyn Allen,1992-09-21,Dirk Stringer
Kaitlyn Allen,1992-09-21,Dirk Stringer
Kaitlyn Allen,1992-09-21,Dirk Stringer
Kaitlyn Allen,1992-09-21,Dirk Stringer
Kaitlyn Allen,1992-09-21,Dirk Stringer
Kaitlyn Allen,1992-09-21,Dirk Stringer
Kaitlyn Allen,1992-09-21,Dirk Stringer
Karen Huang,1992-09-21,Dirk Stringer
Krista Gill,1992-09-22,Marjorie Green
Krista Gill,1992-09-22,Marjorie Green
Kristen Li,1992-09-21,Michael O'Leary
Kristen Li,1992-09-21,Michael O'Leary
Kristen Li,1992-09-21,Michael O'Leary
Kristen Li,1992-09-21,Michael O'Leary
Kristen Li,1992-09-21,Michael O'Leary
Kristen Li,1992-09-21,Michael O'Leary
Kristen Li,1992-09-21,Michael O'Leary
Kristen Li,1992-09-21,Michael O'Leary
Kristen Li,1992-09-21,Michael O'Leary
Kristen Li,1992-09-21,Michael O'Leary
Kristen Li,1992-09-21,Michael O'Leary
Kristen Li,1992-09-21,Michael O'Leary
Levi Gonzalez,1992-09-21,Marjorie Green
Levi Gonzalez,1992-09-21,Marjorie Green
Levi Gonzalez,1992-09-21,Marjorie Green
Levi Gonzalez,1992-09-21,Marjorie Green
Levi Gonzalez,1992-09-21,Marjorie Green
Levi Gonzalez,1992-09-21,Marjorie Green
Levi Gonzalez,1992-09-21,Marjorie Green
Levi Gonzalez,1992-09-21,Marjorie Green
Levi Gonzalez,1992-09-21,Marjorie Green
Levi Gonzalez,1992-09-21,Marjorie Green
Levi Gonzalez,1992-09-21,Marjorie Green
Levi Gonzalez,1992-09-21,Marjorie Green
Levi Gonzalez,1992-09-21,Marjorie Green
Levi Gonzalez,1992-09-21,Marjorie Green
Levi Gonzalez,1992-09-21,Marjorie Green
Levi Gonzalez,1992-09-21,Marjorie Green
Levi Gonzalez,1992-09-21,Marjorie Green
Levi Gonzalez,1992-09-21,Marjorie Green
Mario Rai,1992-09-21,Abraham Bennet
Mario Rai,1992-09-21,Abraham Bennet
Mario Rai,1992-09-21,Abraham Bennet
Mya Coleman,1992-09-24,Michael O'Leary
Olivia Bennett,1992-09-21,Michael O'Leary
Olivia Bennett,1992-09-21,Michael O'Leary
Richard Martinez,1992-09-21,Abraham Bennet
Richard Martinez,1992-09-21,Abraham Bennet
Samuel Sharma,1992-09-22,Michael O'Leary
Tyrone Ruiz,1992-09-21,Marjorie Green
Willie Gao,1992-09-22,Michael O'Leary
Willie Gao,1992-09-22,Michael O'Leary
